{"loss":{"0":0.8580123186,"1":0.6954353452,"2":0.6869989634,"3":0.6867533326,"4":0.6689392328,"5":0.6524552703,"6":0.6347284913,"7":0.6261255741,"8":0.5952188969,"9":0.5551258922},"tp":{"0":516.0,"1":520.0,"2":551.0,"3":523.0,"4":555.0,"5":608.0,"6":609.0,"7":609.0,"8":616.0,"9":645.0},"fp":{"0":513.0,"1":459.0,"2":460.0,"3":409.0,"4":412.0,"5":404.0,"6":374.0,"7":350.0,"8":285.0,"9":280.0},"tn":{"0":487.0,"1":541.0,"2":540.0,"3":591.0,"4":588.0,"5":596.0,"6":626.0,"7":650.0,"8":715.0,"9":720.0},"fn":{"0":484.0,"1":480.0,"2":449.0,"3":477.0,"4":445.0,"5":392.0,"6":391.0,"7":391.0,"8":384.0,"9":355.0},"accuracy":{"0":0.5015000105,"1":0.5304999948,"2":0.5454999804,"3":0.5569999814,"4":0.5715000033,"5":0.6019999981,"6":0.6175000072,"7":0.6294999719,"8":0.6654999852,"9":0.6825000048},"precision":{"0":0.5014577508,"1":0.5311542153,"2":0.5450049639,"3":0.5611587763,"4":0.5739400387,"5":0.6007905006,"6":0.6195320487,"7":0.6350364685,"8":0.6836847663,"9":0.6972972751},"recall":{"0":0.5159999728,"1":0.5199999809,"2":0.550999999,"3":0.5230000019,"4":0.5550000072,"5":0.6079999804,"6":0.6090000272,"7":0.6090000272,"8":0.6159999967,"9":0.6449999809},"auc":{"0":0.503469944,"1":0.5434749722,"2":0.56724298,"3":0.571734488,"4":0.6136719584,"5":0.6544694901,"6":0.6804469824,"7":0.6900109649,"8":0.733417511,"9":0.7734179497},"prc":{"0":0.497780174,"1":0.5449973941,"2":0.5537415743,"3":0.5761624575,"4":0.6248058677,"5":0.6502341032,"6":0.6833283305,"7":0.6990792751,"8":0.7413339615,"9":0.7848008275},"val_loss":{"0":0.6924646497,"1":0.6951122284,"2":0.6959197521,"3":0.691537559,"4":0.6956743598,"5":0.7247319818,"6":0.7459403276,"7":0.717802763,"8":0.7182969451,"9":0.7397739291},"val_tp":{"0":277.0,"1":2.0,"2":119.0,"3":176.0,"4":159.0,"5":52.0,"6":224.0,"7":110.0,"8":148.0,"9":134.0},"val_fp":{"0":275.0,"1":2.0,"2":124.0,"3":157.0,"4":142.0,"5":50.0,"6":223.0,"7":93.0,"8":129.0,"9":127.0},"val_tn":{"0":25.0,"1":298.0,"2":176.0,"3":143.0,"4":158.0,"5":250.0,"6":77.0,"7":207.0,"8":171.0,"9":173.0},"val_fn":{"0":23.0,"1":298.0,"2":181.0,"3":124.0,"4":141.0,"5":248.0,"6":76.0,"7":190.0,"8":152.0,"9":166.0},"val_accuracy":{"0":0.5033333302,"1":0.5,"2":0.4916666746,"3":0.5316666961,"4":0.5283333063,"5":0.5033333302,"6":0.5016666651,"7":0.5283333063,"8":0.5316666961,"9":0.5116666555},"val_precision":{"0":0.5018116236,"1":0.5,"2":0.4897119403,"3":0.5285285115,"4":0.5282391906,"5":0.5098039508,"6":0.5011185408,"7":0.5418719053,"8":0.5342960358,"9":0.5134099722},"val_recall":{"0":0.9233333468,"1":0.0066666668,"2":0.3966666758,"3":0.5866666436,"4":0.5299999714,"5":0.1733333319,"6":0.7466666698,"7":0.3666666746,"8":0.4933333397,"9":0.4466666579},"val_auc":{"0":0.5234777927,"1":0.4954555333,"2":0.4910944104,"3":0.5401388407,"4":0.5229833126,"5":0.5255222321,"6":0.4805222154,"7":0.5262833238,"8":0.5148832798,"9":0.5105999708},"val_prc":{"0":0.5295635462,"1":0.4997441173,"2":0.4913426638,"3":0.5237936974,"4":0.5079674721,"5":0.5177873373,"6":0.4865586162,"7":0.512067914,"8":0.4996215403,"9":0.5165771842}}