{"loss":{"0":0.8591365218,"1":0.689165473,"2":0.6875861287,"3":0.6780284643,"4":0.6634981632,"5":0.6407445669,"6":0.6285887957,"7":0.6057550907,"8":0.5971836448,"9":0.5663943291},"tp":{"0":462.0,"1":518.0,"2":555.0,"3":542.0,"4":588.0,"5":646.0,"6":600.0,"7":693.0,"8":692.0,"9":707.0},"fp":{"0":480.0,"1":436.0,"2":459.0,"3":411.0,"4":405.0,"5":424.0,"6":342.0,"7":373.0,"8":347.0,"9":319.0},"tn":{"0":520.0,"1":564.0,"2":541.0,"3":589.0,"4":595.0,"5":576.0,"6":658.0,"7":627.0,"8":653.0,"9":681.0},"fn":{"0":538.0,"1":482.0,"2":445.0,"3":458.0,"4":412.0,"5":354.0,"6":400.0,"7":307.0,"8":308.0,"9":293.0},"accuracy":{"0":0.4909999967,"1":0.5410000086,"2":0.5479999781,"3":0.565500021,"4":0.5914999843,"5":0.6110000014,"6":0.6290000081,"7":0.6600000262,"8":0.6725000143,"9":0.6940000057},"precision":{"0":0.4904458523,"1":0.5429769158,"2":0.5473372936,"3":0.5687303543,"4":0.5921450257,"5":0.603738308,"6":0.6369426847,"7":0.6500937939,"8":0.6660250425,"9":0.6890838146},"recall":{"0":0.4620000124,"1":0.5180000067,"2":0.5550000072,"3":0.5419999957,"4":0.5879999995,"5":0.6460000277,"6":0.6000000238,"7":0.6930000186,"8":0.6919999719,"9":0.7070000172},"auc":{"0":0.4899055064,"1":0.5571525097,"2":0.5648585558,"3":0.5994700193,"4":0.629575491,"5":0.6718390584,"6":0.6936169863,"7":0.7272280455,"8":0.7409005165,"9":0.7704820037},"prc":{"0":0.5043771863,"1":0.5518550277,"2":0.5640121698,"3":0.5838762522,"4":0.6295388341,"5":0.6851177216,"6":0.6888996363,"7":0.7230666876,"8":0.7337490916,"9":0.7747946978},"val_loss":{"0":0.6929856539,"1":0.6941809058,"2":0.6950557232,"3":0.7095240355,"4":0.7157837749,"5":0.7185015082,"6":0.7378465533,"7":0.7326883674,"8":0.7197204828,"9":0.8183914423},"val_tp":{"0":293.0,"1":122.0,"2":37.0,"3":10.0,"4":254.0,"5":93.0,"6":229.0,"7":202.0,"8":131.0,"9":37.0},"val_fp":{"0":287.0,"1":120.0,"2":25.0,"3":7.0,"4":247.0,"5":86.0,"6":217.0,"7":186.0,"8":126.0,"9":33.0},"val_tn":{"0":13.0,"1":180.0,"2":275.0,"3":293.0,"4":53.0,"5":214.0,"6":83.0,"7":114.0,"8":174.0,"9":267.0},"val_fn":{"0":7.0,"1":178.0,"2":263.0,"3":290.0,"4":46.0,"5":207.0,"6":71.0,"7":98.0,"8":169.0,"9":263.0},"val_accuracy":{"0":0.5099999905,"1":0.5033333302,"2":0.5199999809,"3":0.5049999952,"4":0.5116666555,"5":0.5116666555,"6":0.5199999809,"7":0.5266666412,"8":0.5083333254,"9":0.5066666603},"val_precision":{"0":0.5051724315,"1":0.5041322112,"2":0.5967742205,"3":0.5882353187,"4":0.506986022,"5":0.5195530653,"6":0.5134528875,"7":0.5206185579,"8":0.5097275972,"9":0.5285714269},"val_recall":{"0":0.9766666889,"1":0.4066666663,"2":0.1233333349,"3":0.0333333351,"4":0.8466666937,"5":0.3100000024,"6":0.7633333206,"7":0.6733333468,"8":0.4366666675,"9":0.1233333349},"val_auc":{"0":0.5431722403,"1":0.5059000254,"2":0.5275777578,"3":0.5231000185,"4":0.5101388693,"5":0.5088444948,"6":0.5040277243,"7":0.5215889215,"8":0.5213666558,"9":0.5233055353},"val_prc":{"0":0.5369969606,"1":0.5111268759,"2":0.5245615244,"3":0.5308132768,"4":0.491774857,"5":0.5000554919,"6":0.498621732,"7":0.5079783797,"8":0.5088037848,"9":0.5094126463}}