{"loss":{"0":0.8326942325,"1":0.6959030032,"2":0.687689662,"3":0.6863312721,"4":0.6836513281,"5":0.6834402084,"6":0.6616039276,"7":0.6353861094,"8":0.6136149168,"9":0.5987089872},"tp":{"0":488.0,"1":416.0,"2":625.0,"3":551.0,"4":586.0,"5":688.0,"6":759.0,"7":755.0,"8":772.0,"9":804.0},"fp":{"0":472.0,"1":362.0,"2":535.0,"3":451.0,"4":499.0,"5":581.0,"6":577.0,"7":522.0,"8":506.0,"9":514.0},"tn":{"0":528.0,"1":638.0,"2":465.0,"3":549.0,"4":501.0,"5":419.0,"6":423.0,"7":478.0,"8":494.0,"9":486.0},"fn":{"0":512.0,"1":584.0,"2":375.0,"3":449.0,"4":414.0,"5":312.0,"6":241.0,"7":245.0,"8":228.0,"9":196.0},"accuracy":{"0":0.5080000162,"1":0.52700001,"2":0.5450000167,"3":0.5500000119,"4":0.5435000062,"5":0.5534999967,"6":0.5910000205,"7":0.61650002,"8":0.6330000162,"9":0.6449999809},"precision":{"0":0.5083333254,"1":0.5347043872,"2":0.538793087,"3":0.5499001741,"4":0.5400921702,"5":0.5421591997,"6":0.5681137443,"7":0.5912294388,"8":0.6040688753,"9":0.6100151539},"recall":{"0":0.4880000055,"1":0.4160000086,"2":0.625,"3":0.550999999,"4":0.5860000253,"5":0.6880000234,"6":0.7590000033,"7":0.7549999952,"8":0.7720000148,"9":0.80400002},"auc":{"0":0.514100492,"1":0.5372844934,"2":0.5630680323,"3":0.5730035305,"4":0.572281003,"5":0.5768505335,"6":0.634066999,"7":0.665879488,"8":0.7061470151,"9":0.715569973},"prc":{"0":0.5132214427,"1":0.5349443555,"2":0.5534340143,"3":0.5613166094,"4":0.5586559772,"5":0.5611974001,"6":0.6340368986,"7":0.6524457335,"8":0.7094628215,"9":0.7236507535},"val_loss":{"0":0.692071557,"1":0.693833828,"2":0.6945948005,"3":0.6929762959,"4":0.6921822429,"5":0.6956402659,"6":0.705135107,"7":0.7079915404,"8":0.7151317596,"9":0.7173577547},"val_tp":{"0":126.0,"1":179.0,"2":56.0,"3":122.0,"4":160.0,"5":200.0,"6":226.0,"7":142.0,"8":117.0,"9":172.0},"val_fp":{"0":119.0,"1":172.0,"2":65.0,"3":106.0,"4":141.0,"5":183.0,"6":209.0,"7":119.0,"8":101.0,"9":154.0},"val_tn":{"0":181.0,"1":128.0,"2":235.0,"3":194.0,"4":159.0,"5":117.0,"6":91.0,"7":181.0,"8":199.0,"9":146.0},"val_fn":{"0":174.0,"1":121.0,"2":244.0,"3":178.0,"4":140.0,"5":100.0,"6":74.0,"7":158.0,"8":183.0,"9":128.0},"val_accuracy":{"0":0.5116666555,"1":0.5116666555,"2":0.4850000143,"3":0.5266666412,"4":0.5316666961,"5":0.5283333063,"6":0.5283333063,"7":0.5383333564,"8":0.5266666412,"9":0.5299999714},"val_precision":{"0":0.5142857432,"1":0.5099714994,"2":0.4628099203,"3":0.5350877047,"4":0.5315614343,"5":0.5221931934,"6":0.5195402503,"7":0.5440613031,"8":0.5366972685,"9":0.5276073813},"val_recall":{"0":0.4199999869,"1":0.5966666937,"2":0.1866666675,"3":0.4066666663,"4":0.5333333611,"5":0.6666666865,"6":0.7533333302,"7":0.473333329,"8":0.3899999857,"9":0.573333323},"val_auc":{"0":0.5205554962,"1":0.5056388974,"2":0.5208833218,"3":0.5328722,"4":0.5330777764,"5":0.5203111172,"6":0.5295611024,"7":0.5322278142,"8":0.5318611264,"9":0.5200055838},"val_prc":{"0":0.5239593983,"1":0.4890934527,"2":0.4992879927,"3":0.5131980181,"4":0.529276669,"5":0.5103443861,"6":0.5110398531,"7":0.5171893835,"8":0.5255271196,"9":0.5097898841}}