{"loss":{"0":0.8557433486,"1":0.6960426569,"2":0.694416523,"3":0.68595469,"4":0.6776515245,"5":0.6568465829,"6":0.6492615342,"7":0.6300705075,"8":0.6057642102,"9":0.5861088634},"tp":{"0":490.0,"1":417.0,"2":473.0,"3":485.0,"4":543.0,"5":541.0,"6":508.0,"7":471.0,"8":533.0,"9":776.0},"fp":{"0":522.0,"1":388.0,"2":429.0,"3":400.0,"4":434.0,"5":380.0,"6":312.0,"7":239.0,"8":265.0,"9":482.0},"tn":{"0":478.0,"1":612.0,"2":571.0,"3":600.0,"4":566.0,"5":620.0,"6":688.0,"7":761.0,"8":735.0,"9":518.0},"fn":{"0":510.0,"1":583.0,"2":527.0,"3":515.0,"4":457.0,"5":459.0,"6":492.0,"7":529.0,"8":467.0,"9":224.0},"accuracy":{"0":0.4839999974,"1":0.5145000219,"2":0.5220000148,"3":0.5425000191,"4":0.5544999838,"5":0.5805000067,"6":0.59799999,"7":0.6159999967,"8":0.6340000033,"9":0.6470000148},"precision":{"0":0.484189719,"1":0.5180124044,"2":0.5243902206,"3":0.5480226278,"4":0.5557830334,"5":0.5874049664,"6":0.6195122004,"7":0.6633802652,"8":0.6679198146,"9":0.6168521643},"recall":{"0":0.4900000095,"1":0.4169999957,"2":0.47299999,"3":0.4850000143,"4":0.5429999828,"5":0.5410000086,"6":0.5080000162,"7":0.4709999859,"8":0.5329999924,"9":0.7760000229},"auc":{"0":0.4850409329,"1":0.5324944854,"2":0.5277370214,"3":0.5627754927,"4":0.592381537,"5":0.6362370253,"6":0.6562069654,"7":0.6806809902,"8":0.7181279659,"9":0.7367025614},"prc":{"0":0.4874750078,"1":0.5298328996,"2":0.5256348252,"3":0.5611636043,"4":0.5971692204,"5":0.6517337561,"6":0.6582964063,"7":0.6928169131,"8":0.7191762924,"9":0.7491490245},"val_loss":{"0":0.6932845116,"1":0.6935148239,"2":0.6974415779,"3":0.7060366273,"4":0.694916904,"5":0.6991702914,"6":0.6964657307,"7":0.7246726751,"8":0.7430077195,"9":0.7381589413},"val_tp":{"0":26.0,"1":23.0,"2":66.0,"3":4.0,"4":101.0,"5":158.0,"6":138.0,"7":157.0,"8":97.0,"9":137.0},"val_fp":{"0":23.0,"1":23.0,"2":84.0,"3":2.0,"4":91.0,"5":150.0,"6":117.0,"7":150.0,"8":92.0,"9":128.0},"val_tn":{"0":277.0,"1":277.0,"2":216.0,"3":298.0,"4":209.0,"5":150.0,"6":183.0,"7":150.0,"8":208.0,"9":172.0},"val_fn":{"0":274.0,"1":277.0,"2":234.0,"3":296.0,"4":199.0,"5":142.0,"6":162.0,"7":143.0,"8":203.0,"9":163.0},"val_accuracy":{"0":0.5049999952,"1":0.5,"2":0.4699999988,"3":0.5033333302,"4":0.5166666508,"5":0.5133333206,"6":0.5350000262,"7":0.5116666555,"8":0.5083333254,"9":0.5149999857},"val_precision":{"0":0.5306122303,"1":0.5,"2":0.4399999976,"3":0.6666666865,"4":0.5260416865,"5":0.5129870176,"6":0.5411764979,"7":0.51140064,"8":0.5132275224,"9":0.5169811249},"val_recall":{"0":0.086666666,"1":0.0766666681,"2":0.2199999988,"3":0.0133333337,"4":0.3366666734,"5":0.5266666412,"6":0.4600000083,"7":0.5233333111,"8":0.323333323,"9":0.4566666782},"val_auc":{"0":0.4941111207,"1":0.5358555317,"2":0.4749389291,"3":0.5031722188,"4":0.5242333412,"5":0.533144474,"6":0.5362722278,"7":0.5196888447,"8":0.5133722425,"9":0.5204888582},"val_prc":{"0":0.4918297529,"1":0.5174591541,"2":0.4897773564,"3":0.5080138445,"4":0.5211951137,"5":0.5291223526,"6":0.5336611867,"7":0.5164152384,"8":0.5009921789,"9":0.5073063374}}